E (keV),h_k(0 deg) (Sv/Gy)
7,0.000012
8,0.000095
9,0.00145
10,0.008
11,0.0331
12,0.0737
13,0.127
14,0.19
15,0.26
16,0.326
17,0.395
18,0.466
19,0.538
20,0.61
30,1.1
40,1.47
50,1.67
60,1.74
80,1.72
100,1.65
150,1.49
200,1.4
300,1.31
400,1.26
500,1.23
600,1.21
800,1.19
1000,1.17
1500,1.15
2000,1.13
3000,1.12
4000,1.11
5000,1.19
6000,1.09
8000,1.08
10000,1.06
